CCLE_ID,depMapID,r_somatic_CCLE_HC_vs_GDSC_WES,n_datapoints.somatic,r_germline_CCLE_HC_vs_GDSC_WES,n_datapoints.germline,comments
DOV13_OVARY,ACH-001063,-0.66,182,-0.04,1756,germline mismatch
PC3_PROSTATE,ACH-000090,NA,14,0.02,1863,germline mismatch
ISHIKAWAHERAKLIO02ER_ENDOMETRIUM,ACH-000961,-0.06,343,0.17,1582,germline mismatch
SR786_HAEMATOPOIETIC_AND_LYMPHOID_TISSUE,ACH-000338,-0.08,55,0.83,1383,substantial genetic drift  (r.somatic<0.6)
RT112_URINARY_TRACT,ACH-000473,0.13,31,0.95,1309,substantial genetic drift  (r.somatic<0.6)
REH_HAEMATOPOIETIC_AND_LYMPHOID_TISSUE,ACH-000960,0.13,348,0.87,1448,substantial genetic drift  (r.somatic<0.6)
TT_THYROID,ACH-001321,0.14,47,0.93,1374,substantial genetic drift  (r.somatic<0.6)
MCF7_BREAST,ACH-000019,0.17,66,0.89,1343,substantial genetic drift  (r.somatic<0.6)
MDAMB415_BREAST,ACH-000876,0.21,119,0.87,1419,substantial genetic drift  (r.somatic<0.6)
NB1_AUTONOMIC_GANGLIA,ACH-000804,0.24,110,0.86,1314,substantial genetic drift  (r.somatic<0.6)
SNGM_ENDOMETRIUM,ACH-000974,0.28,392,0.94,1402,substantial genetic drift  (r.somatic<0.6)
G401_SOFT_TISSUE,ACH-000096,0.28,11,0.95,1292,substantial genetic drift  (r.somatic<0.6)
DAUDI_HAEMATOPOIETIC_AND_LYMPHOID_TISSUE,ACH-000786,0.33,5763,0.96,1344,substantial genetic drift  (r.somatic<0.6)
MOLT16_HAEMATOPOIETIC_AND_LYMPHOID_TISSUE,ACH-000918,0.37,218,0.94,1372,substantial genetic drift  (r.somatic<0.6)
SUDHL6_HAEMATOPOIETIC_AND_LYMPHOID_TISSUE,ACH-000611,0.41,58,0.95,1235,substantial genetic drift  (r.somatic<0.6)
LNCAPCLONEFGC_PROSTATE,ACH-000977,0.42,602,0.92,1476,substantial genetic drift  (r.somatic<0.6)
786O_KIDNEY,ACH-000649,0.45,56,0.91,1428,substantial genetic drift  (r.somatic<0.6)
U251MG_CENTRAL_NERVOUS_SYSTEM,ACH-000232,0.48,34,0.87,1370,substantial genetic drift  (r.somatic<0.6)
NCIH226_LUNG,ACH-000367,0.48,13,0.83,1333,substantial genetic drift  (r.somatic<0.6)
KPNYN_AUTONOMIC_GANGLIA,ACH-000227,0.50,31,0.94,1309,substantial genetic drift  (r.somatic<0.6)
EOL1_HAEMATOPOIETIC_AND_LYMPHOID_TISSUE,ACH-000198,0.56,118,0.92,2586,substantial genetic drift  (r.somatic<0.6)
ESS1_ENDOMETRIUM,ACH-000913,0.56,159,0.93,1254,substantial genetic drift  (r.somatic<0.6)
SNU1040_LARGE_INTESTINE,ACH-000999,0.56,3012,0.95,1326,substantial genetic drift  (r.somatic<0.6)
UACC893_BREAST,ACH-000554,0.59,55,0.92,1212,substantial genetic drift  (r.somatic<0.6)
MOLT13_HAEMATOPOIETIC_AND_LYMPHOID_TISSUE,ACH-000795,0.60,152,0.95,1366,considerable genetic drift (r.somatic<0.75)
UACC812_BREAST,ACH-000568,0.61,47,0.92,1364,considerable genetic drift (r.somatic<0.75)
OCIAML5_HAEMATOPOIETIC_AND_LYMPHOID_TISSUE,ACH-000065,0.62,969,0.95,1308,considerable genetic drift (r.somatic<0.75)
22RV1_PROSTATE,ACH-000956,0.62,296,0.93,1545,considerable genetic drift (r.somatic<0.75)
P31FUJ_HAEMATOPOIETIC_AND_LYMPHOID_TISSUE,ACH-000770,0.62,92,0.95,1352,considerable genetic drift (r.somatic<0.75)
COLO320_LARGE_INTESTINE,ACH-000202,0.64,47,0.92,1042,considerable genetic drift (r.somatic<0.75)
MFE319_ENDOMETRIUM,ACH-000988,0.64,644,0.95,1374,considerable genetic drift (r.somatic<0.75)
CHP126_AUTONOMIC_GANGLIA,ACH-000136,0.64,22,0.94,1446,considerable genetic drift (r.somatic<0.75)
SKUT1_SOFT_TISSUE,ACH-000939,0.67,192,0.95,1350,considerable genetic drift (r.somatic<0.75)
KYM1_SOFT_TISSUE,ACH-000607,0.67,66,0.95,1419,considerable genetic drift (r.somatic<0.75)
OCILY19_HAEMATOPOIETIC_AND_LYMPHOID_TISSUE,ACH-000124,0.67,33,0.95,1338,considerable genetic drift (r.somatic<0.75)
MFE296_ENDOMETRIUM,ACH-000879,0.68,127,0.93,1278,considerable genetic drift (r.somatic<0.75)
HS940T_FIBROBLAST,ACH-000135,0.69,29,0.89,1323,considerable genetic drift (r.somatic<0.75)
RL952_ENDOMETRIUM,ACH-000965,0.69,336,0.96,1393,considerable genetic drift (r.somatic<0.75)
KM12_LARGE_INTESTINE,ACH-000969,0.69,360,0.95,1140,considerable genetic drift (r.somatic<0.75)
MOLT4_HAEMATOPOIETIC_AND_LYMPHOID_TISSUE,ACH-001127,0.70,813,0.95,1497,considerable genetic drift (r.somatic<0.75)
SUPB15_HAEMATOPOIETIC_AND_LYMPHOID_TISSUE,ACH-000059,0.70,26,0.95,1331,considerable genetic drift (r.somatic<0.75)
UACC257_SKIN,ACH-000579,0.70,71,0.94,1503,considerable genetic drift (r.somatic<0.75)
SIGM5_HAEMATOPOIETIC_AND_LYMPHOID_TISSUE,ACH-000112,0.70,32,0.95,1331,considerable genetic drift (r.somatic<0.75)
MDAMB436_BREAST,ACH-000573,0.70,52,0.92,1051,considerable genetic drift (r.somatic<0.75)
MDAMB361_BREAST,ACH-000934,0.70,184,0.94,1429,considerable genetic drift (r.somatic<0.75)
BCPAP_THYROID,ACH-000456,0.71,45,0.93,1340,considerable genetic drift (r.somatic<0.75)
PF382_HAEMATOPOIETIC_AND_LYMPHOID_TISSUE,ACH-000937,0.71,548,0.95,1479,considerable genetic drift (r.somatic<0.75)
LU99_LUNG,ACH-000444,0.72,50,0.97,1387,considerable genetic drift (r.somatic<0.75)
8305C_THYROID,ACH-001306,0.73,48,0.95,1460,considerable genetic drift (r.somatic<0.75)
LOVO_LARGE_INTESTINE,ACH-000950,0.73,271,0.95,1298,considerable genetic drift (r.somatic<0.75)
HCT15_LARGE_INTESTINE,ACH-000997,0.73,1144,0.96,1517,considerable genetic drift (r.somatic<0.75)
WSUDLCL2_HAEMATOPOIETIC_AND_LYMPHOID_TISSUE,ACH-000534,0.73,29,0.96,1320,considerable genetic drift (r.somatic<0.75)
SNU398_LIVER,ACH-000221,0.73,38,0.87,1171,considerable genetic drift (r.somatic<0.75)
CL34_LARGE_INTESTINE,ACH-000895,0.73,164,0.95,1355,considerable genetic drift (r.somatic<0.75)
NCIH292_LUNG,ACH-001075,0.73,34,0.95,1248,considerable genetic drift (r.somatic<0.75)
EN_ENDOMETRIUM,ACH-000978,0.73,714,0.95,1173,considerable genetic drift (r.somatic<0.75)
KG1_HAEMATOPOIETIC_AND_LYMPHOID_TISSUE,ACH-000386,0.73,36,0.94,1313,considerable genetic drift (r.somatic<0.75)
NCIH1944_LUNG,ACH-000414,0.73,75,0.95,1279,considerable genetic drift (r.somatic<0.75)
RAJI_HAEMATOPOIETIC_AND_LYMPHOID_TISSUE,ACH-000654,0.74,81,0.94,1284,considerable genetic drift (r.somatic<0.75)
SNU1_STOMACH,ACH-000932,0.74,212,0.96,1228,considerable genetic drift (r.somatic<0.75)
HS939T_SKIN,ACH-000814,0.74,76,0.92,1413,considerable genetic drift (r.somatic<0.75)
SW48_LARGE_INTESTINE,ACH-000958,0.75,367,0.95,1489,considerable genetic drift (r.somatic<0.75)
TE9_OESOPHAGUS,ACH-000694,0.75,90,0.95,1153,considerable genetic drift (r.somatic<0.75)
COLO679_SKIN,ACH-000805,0.75,113,0.94,1329,considerable genetic drift (r.somatic<0.75)
SUDHL8_HAEMATOPOIETIC_AND_LYMPHOID_TISSUE,ACH-000656,0.75,63,0.96,1166,considerable genetic drift (r.somatic<0.75)
KCL22_HAEMATOPOIETIC_AND_LYMPHOID_TISSUE,ACH-000983,0.75,317,0.96,1294,
SUDHL4_HAEMATOPOIETIC_AND_LYMPHOID_TISSUE,ACH-000365,0.75,33,0.95,1360,
LS513_LARGE_INTESTINE,ACH-000007,0.75,79,0.94,1146,
MELJUSO_SKIN,ACH-000881,0.75,131,0.95,1388,
HS766T_PANCREAS,ACH-000178,0.76,42,0.95,1472,
MDAMB231_BREAST,ACH-000768,0.76,68,0.87,1227,
COLO205_LARGE_INTESTINE,ACH-001039,0.76,53,0.96,1152,
HT115_LARGE_INTESTINE,ACH-000986,0.76,884,0.96,1221,
VMRCRCZ_KIDNEY,ACH-000171,0.76,32,0.93,1403,
NCIH1436_LUNG,ACH-000830,0.76,84,0.95,1248,
TE1_OESOPHAGUS,ACH-000647,0.77,67,0.95,1380,
LOUCY_HAEMATOPOIETIC_AND_LYMPHOID_TISSUE,ACH-000104,0.77,23,0.94,1322,
NCIH2405_LUNG,ACH-000121,0.77,16,0.95,1143,
U266B1_HAEMATOPOIETIC_AND_LYMPHOID_TISSUE,ACH-000626,0.77,63,0.95,1280,
DKMG_CENTRAL_NERVOUS_SYSTEM,ACH-000244,0.77,23,0.94,1398,
KMRC20_KIDNEY,ACH-000250,0.77,41,0.92,1362,
SNU175_LARGE_INTESTINE,ACH-000989,0.77,777,0.95,1420,
GA10_HAEMATOPOIETIC_AND_LYMPHOID_TISSUE,ACH-000162,0.77,40,0.96,1570,
MESSA_SOFT_TISSUE,ACH-000449,0.77,55,0.96,1488,
TOV21G_OVARY,ACH-000885,0.77,155,0.96,1385,
MV411_HAEMATOPOIETIC_AND_LYMPHOID_TISSUE,ACH-000045,0.78,13,0.95,1303,
CAL51_BREAST,ACH-000856,0.78,123,0.95,1337,
L540_HAEMATOPOIETIC_AND_LYMPHOID_TISSUE,ACH-000806,0.78,105,0.97,1335,
OAW42_OVARY,ACH-000704,0.78,26,0.96,1328,
LS123_LARGE_INTESTINE,ACH-000501,0.78,76,0.95,1279,
ECC12_STOMACH,ACH-000225,0.79,79,0.96,1259,
JHOS2_OVARY,ACH-000132,0.79,51,0.92,1353,
MOLM13_HAEMATOPOIETIC_AND_LYMPHOID_TISSUE,ACH-000362,0.79,43,0.96,1331,
LS1034_LARGE_INTESTINE,ACH-000252,0.79,47,0.96,1230,
SNU407_LARGE_INTESTINE,ACH-000955,0.79,301,0.95,1217,
SNU81_LARGE_INTESTINE,ACH-000991,0.79,1199,0.96,1369,
SKNDZ_AUTONOMIC_GANGLIA,ACH-000366,0.79,32,0.91,1228,
NUDUL1_HAEMATOPOIETIC_AND_LYMPHOID_TISSUE,ACH-000287,0.80,54,0.95,1287,
NCIH82_LUNG,ACH-000355,0.80,37,0.95,1168,
KOPN8_HAEMATOPOIETIC_AND_LYMPHOID_TISSUE,ACH-001106,0.80,35,0.95,1322,
HCT116_LARGE_INTESTINE,ACH-000971,0.80,333,0.95,1268,
CMLT1_HAEMATOPOIETIC_AND_LYMPHOID_TISSUE,ACH-000920,0.80,338,0.96,1348,
SKNSH_AUTONOMIC_GANGLIA,ACH-000149,0.80,24,0.94,1192,
639V_URINARY_TRACT,ACH-000973,0.80,385,0.93,1250,
AN3CA_ENDOMETRIUM,ACH-000940,0.80,286,0.95,1346,
MDAMB157_BREAST,ACH-000621,0.81,55,0.90,1148,
SNU16_STOMACH,ACH-000581,0.81,46,0.94,1421,
697_HAEMATOPOIETIC_AND_LYMPHOID_TISSUE,ACH-000070,0.81,23,0.95,1189,
TE15_OESOPHAGUS,ACH-000353,0.81,66,0.94,1351,
D283MED_CENTRAL_NERVOUS_SYSTEM,ACH-000055,0.81,25,0.95,1344,
CW2_LARGE_INTESTINE,ACH-000998,0.81,1106,0.95,1335,
MOLM16_HAEMATOPOIETIC_AND_LYMPHOID_TISSUE,ACH-000369,0.81,30,0.96,1300,
PANC0813_PANCREAS,ACH-000417,0.81,57,0.92,1246,
A498_KIDNEY,ACH-000555,0.81,45,0.94,1329,
HCC1569_BREAST,ACH-000930,0.82,295,0.96,1057,
MHHCALL4_HAEMATOPOIETIC_AND_LYMPHOID_TISSUE,ACH-000156,0.82,23,0.95,1362,
HT55_LARGE_INTESTINE,ACH-000926,0.82,172,0.95,1099,
PANC0403_PANCREAS,ACH-000235,0.82,30,0.94,1279,
P12ICHIKAWA_HAEMATOPOIETIC_AND_LYMPHOID_TISSUE,ACH-000372,0.82,43,0.95,1357,
OVISE_OVARY,ACH-000527,0.82,48,0.96,1175,
OVK18_OVARY,ACH-000947,0.82,205,0.96,1265,
MEWO_SKIN,ACH-000987,0.82,812,0.95,1281,
LS411N_LARGE_INTESTINE,ACH-000985,0.83,744,0.95,1310,
NCIH2444_LUNG,ACH-000186,0.83,32,0.93,1014,
NCIH716_LARGE_INTESTINE,ACH-000491,0.83,70,0.95,1308,
RS411_HAEMATOPOIETIC_AND_LYMPHOID_TISSUE,ACH-000874,0.83,156,0.95,1295,
SW948_LARGE_INTESTINE,ACH-000680,0.83,57,0.95,1072,
NCIH1341_LUNG,ACH-000129,0.83,30,0.96,1373,
TALL1_HAEMATOPOIETIC_AND_LYMPHOID_TISSUE,ACH-000197,0.83,42,0.96,1480,
HUPT4_PANCREAS,ACH-000213,0.83,31,0.91,1252,
KO52_HAEMATOPOIETIC_AND_LYMPHOID_TISSUE,ACH-000498,0.83,27,0.95,1313,
HCC33_LUNG,ACH-000515,0.83,59,0.92,1341,
WM115_SKIN,ACH-000304,0.83,67,0.94,1284,
SUPT1_HAEMATOPOIETIC_AND_LYMPHOID_TISSUE,ACH-000953,0.83,359,0.95,1378,
NCIH2087_LUNG,ACH-000841,0.83,112,0.95,1248,
NAMALWA_HAEMATOPOIETIC_AND_LYMPHOID_TISSUE,ACH-000944,0.83,144,0.89,1154,
GDM1_HAEMATOPOIETIC_AND_LYMPHOID_TISSUE,ACH-000081,0.84,32,0.96,1296,
MHHNB11_AUTONOMIC_GANGLIA,ACH-000078,0.84,32,0.95,1293,
HCC38_BREAST,ACH-000276,0.84,53,0.95,1182,
NCIH596_LUNG,ACH-000628,0.84,52,0.97,1269,
JM1_HAEMATOPOIETIC_AND_LYMPHOID_TISSUE,ACH-000151,0.84,35,0.96,1344,
H4_CENTRAL_NERVOUS_SYSTEM,ACH-000389,0.84,42,0.96,1244,
LS180_LARGE_INTESTINE,ACH-000957,0.84,234,0.95,1320,
DU4475_BREAST,ACH-000258,0.84,41,0.95,1320,
CPCN_LUNG,ACH-001049,0.84,50,0.96,1313,
HCC827_LUNG,ACH-000012,0.84,51,0.95,1052,
CAL33_UPPER_AERODIGESTIVE_TRACT,ACH-000518,0.84,42,0.96,1308,
HT_HAEMATOPOIETIC_AND_LYMPHOID_TISSUE,ACH-000914,0.85,247,0.95,1334,
SUDHL1_HAEMATOPOIETIC_AND_LYMPHOID_TISSUE,ACH-000664,0.85,80,0.95,1433,
IGR37_SKIN,ACH-000650,0.85,67,0.93,1246,
HT1197_URINARY_TRACT,ACH-000547,0.85,36,0.96,1465,
DOHH2_HAEMATOPOIETIC_AND_LYMPHOID_TISSUE,ACH-000056,0.85,33,0.95,1492,
TE11_OESOPHAGUS,ACH-000488,0.85,70,0.95,1422,
AGS_STOMACH,ACH-000880,0.85,134,0.95,1397,
NUGC4_STOMACH,ACH-000674,0.85,59,0.95,1226,
JURKAT_HAEMATOPOIETIC_AND_LYMPHOID_TISSUE,ACH-000995,0.85,776,0.95,1427,
CMK_HAEMATOPOIETIC_AND_LYMPHOID_TISSUE,ACH-000641,0.85,66,0.93,1755,
NCIH524_LUNG,ACH-000816,0.85,83,0.92,1206,
MOLP8_HAEMATOPOIETIC_AND_LYMPHOID_TISSUE,ACH-000745,0.85,69,0.96,1397,
NCIH929_HAEMATOPOIETIC_AND_LYMPHOID_TISSUE,ACH-000050,0.85,44,0.95,1412,
2313287_STOMACH,ACH-000948,0.85,254,0.96,1281,
A2058_SKIN,ACH-000788,0.85,78,0.95,1397,
SUPM2_HAEMATOPOIETIC_AND_LYMPHOID_TISSUE,ACH-000226,0.85,30,0.94,1190,
ME1_HAEMATOPOIETIC_AND_LYMPHOID_TISSUE,ACH-000439,0.85,26,0.96,1340,
RERFLCSQ1_LUNG,ACH-000442,0.85,38,0.94,1194,
SNUC5_LARGE_INTESTINE,ACH-000970,0.85,403,0.95,1329,
NCIH1963_LUNG,ACH-000729,0.85,57,0.95,1199,
OE21_OESOPHAGUS,ACH-000544,0.85,44,0.94,1254,
TE10_OESOPHAGUS,ACH-000318,0.85,55,0.95,1164,
NCIH1836_LUNG,ACH-000559,0.85,76,0.95,1245,
A2780_OVARY,ACH-000657,0.85,75,0.96,1388,
VMRCRCW_KIDNEY,ACH-000484,0.86,28,0.96,1255,
EBC1_LUNG,ACH-000563,0.86,63,0.94,1069,
BL41_HAEMATOPOIETIC_AND_LYMPHOID_TISSUE,ACH-000245,0.86,46,0.96,1330,
A4FUK_HAEMATOPOIETIC_AND_LYMPHOID_TISSUE,ACH-000157,0.86,64,0.94,1354,
NCIH1155_LUNG,ACH-000980,0.86,323,0.97,1115,
NCIH2170_LUNG,ACH-000481,0.86,65,0.91,1306,
RERFLCKJ_LUNG,ACH-000482,0.86,36,0.97,1197,
NALM6_HAEMATOPOIETIC_AND_LYMPHOID_TISSUE,ACH-000938,0.86,239,0.95,1342,
SKNAS_AUTONOMIC_GANGLIA,ACH-000260,0.86,29,0.95,1367,
CCK81_LARGE_INTESTINE,ACH-000963,0.86,417,0.95,1396,
HCC78_LUNG,ACH-000562,0.86,57,0.93,1380,
COLO792_SKIN,ACH-000968,0.86,323,0.95,1370,
A704_KIDNEY,ACH-000429,0.86,84,0.92,1312,
HCC1419_BREAST,ACH-000277,0.86,43,0.94,1203,
RKN_SOFT_TISSUE,ACH-000505,0.86,44,0.96,1308,
RCHACV_HAEMATOPOIETIC_AND_LYMPHOID_TISSUE,ACH-000922,0.86,165,0.95,1139,
HUTU80_SMALL_INTESTINE,ACH-000538,0.87,31,0.96,1394,
EVSAT_BREAST,ACH-001065,0.87,97,0.97,1281,
G402_SOFT_TISSUE,ACH-000375,0.87,28,0.94,1438,
IM95_STOMACH,ACH-000919,0.87,198,0.95,1353,
NCIH841_LUNG,ACH-000292,0.87,43,0.96,1155,
OV56_OVARY,ACH-000091,0.87,32,0.95,1109,
ES2_OVARY,ACH-000906,0.87,74,0.95,1212,
ALLSIL_HAEMATOPOIETIC_AND_LYMPHOID_TISSUE,ACH-000105,0.87,19,0.94,1357,
NCIH1975_LUNG,ACH-000587,0.87,62,0.95,1477,
EFO27_OVARY,ACH-000936,0.87,218,0.95,1511,
IGROV1_OVARY,ACH-000966,0.87,436,0.95,1527,
DB_HAEMATOPOIETIC_AND_LYMPHOID_TISSUE,ACH-000334,0.87,45,0.95,1302,
SW780_URINARY_TRACT,ACH-000384,0.87,38,0.95,1328,
SUPHD1_HAEMATOPOIETIC_AND_LYMPHOID_TISSUE,ACH-001203,0.87,238,0.96,1282,
KARPAS299_HAEMATOPOIETIC_AND_LYMPHOID_TISSUE,ACH-000053,0.87,25,0.96,1452,
NCIH2228_LUNG,ACH-000447,0.87,45,0.95,1343,
COLO684_ENDOMETRIUM,ACH-000864,0.87,118,0.95,1304,
NOMO1_HAEMATOPOIETIC_AND_LYMPHOID_TISSUE,ACH-000168,0.87,42,0.96,1393,
KARPAS422_HAEMATOPOIETIC_AND_LYMPHOID_TISSUE,ACH-000315,0.87,57,0.96,1368,
NCIH2110_LUNG,ACH-000929,0.87,245,0.96,1183,
HUPT3_PANCREAS,ACH-000118,0.87,25,0.95,1316,
NCIH358_LUNG,ACH-000860,0.87,159,0.94,1240,
DND41_HAEMATOPOIETIC_AND_LYMPHOID_TISSUE,ACH-000981,0.87,603,0.94,1201,
RL_HAEMATOPOIETIC_AND_LYMPHOID_TISSUE,ACH-000371,0.87,51,0.96,1315,
RKO_LARGE_INTESTINE,ACH-000943,0.88,439,0.95,1393,
HPAFII_PANCREAS,ACH-000094,0.88,25,0.96,1203,
NCIH1092_LUNG,ACH-000514,0.88,65,0.95,1172,
CA46_HAEMATOPOIETIC_AND_LYMPHOID_TISSUE,ACH-000440,0.88,44,0.96,1379,
CAL148_BREAST,ACH-000902,0.88,101,0.95,1201,
PATU8988T_PANCREAS,ACH-000023,0.88,50,0.97,1286,
S117_THYROID,ACH-000037,0.88,312,0.97,1026,
NCIH526_LUNG,ACH-000767,0.88,55,0.97,1139,
NCIH1781_LUNG,ACH-000379,0.88,48,0.97,1184,
C32_SKIN,ACH-000580,0.88,51,0.95,1380,
SW1463_LARGE_INTESTINE,ACH-000470,0.88,65,0.95,1255,
RMGI_OVARY,ACH-000719,0.88,31,0.96,1432,
PL21_HAEMATOPOIETIC_AND_LYMPHOID_TISSUE,ACH-000218,0.88,51,0.96,1368,
SIMA_AUTONOMIC_GANGLIA,ACH-000099,0.88,22,0.95,1226,
RERFLCMS_LUNG,ACH-000062,0.88,23,0.95,1076,
COLO678_LARGE_INTESTINE,ACH-000350,0.88,71,0.97,1174,
SKOV3_OVARY,ACH-000811,0.88,93,0.94,1444,
NCIH1755_LUNG,ACH-000282,0.88,41,0.95,1276,
HS578T_BREAST,ACH-000148,0.89,36,0.96,1360,
MM1S_HAEMATOPOIETIC_AND_LYMPHOID_TISSUE,ACH-000763,0.89,41,0.96,1184,
BT483_BREAST,ACH-000818,0.89,67,0.96,1329,
GRANTA519_HAEMATOPOIETIC_AND_LYMPHOID_TISSUE,ACH-000073,0.89,17,0.95,1307,
JEKO1_HAEMATOPOIETIC_AND_LYMPHOID_TISSUE,ACH-000357,0.89,39,0.96,1130,
BFTC909_KIDNEY,ACH-000792,0.89,42,0.94,1305,
NCIH209_LUNG,ACH-000290,0.89,44,0.95,1399,
NCIH2347_LUNG,ACH-000875,0.89,140,0.96,1389,
SCABER_URINARY_TRACT,ACH-000839,0.89,49,0.95,1299,
HUCCT1_BILIARY_TRACT,ACH-000976,0.89,53,0.96,1323,
TGBC11TKB_STOMACH,ACH-000949,0.89,229,0.95,1342,
MEG01_HAEMATOPOIETIC_AND_LYMPHOID_TISSUE,ACH-000072,0.89,46,0.94,1169,
SKNFI_AUTONOMIC_GANGLIA,ACH-000341,0.89,26,0.96,1368,
CAMA1_BREAST,ACH-000783,0.89,50,0.95,1329,
NCIH2066_LUNG,ACH-000727,0.89,93,0.95,1258,
RD_SOFT_TISSUE,ACH-000169,0.89,48,0.97,1173,
K562_HAEMATOPOIETIC_AND_LYMPHOID_TISSUE,ACH-000551,0.89,73,0.97,1223,
NCIH1563_LUNG,ACH-000892,0.89,97,0.96,1481,
THP1_HAEMATOPOIETIC_AND_LYMPHOID_TISSUE,ACH-000146,0.89,45,0.96,1419,
SW837_LARGE_INTESTINE,ACH-000421,0.89,37,0.96,1173,
CAPAN2_PANCREAS,ACH-000107,0.89,21,0.96,1134,
MC116_HAEMATOPOIETIC_AND_LYMPHOID_TISSUE,ACH-000583,0.89,52,0.95,1380,
ONS76_CENTRAL_NERVOUS_SYSTEM,ACH-000776,0.89,83,0.95,1122,
OAW28_OVARY,ACH-000116,0.89,28,0.95,1113,
HH_HAEMATOPOIETIC_AND_LYMPHOID_TISSUE,ACH-000061,0.90,26,0.96,1342,
KASUMI1_HAEMATOPOIETIC_AND_LYMPHOID_TISSUE,ACH-000263,0.90,48,0.95,1255,
OCIAML2_HAEMATOPOIETIC_AND_LYMPHOID_TISSUE,ACH-000113,0.90,26,0.96,1432,
NCIH322_LUNG,ACH-000837,0.90,111,0.90,1226,
RPMI7951_SKIN,ACH-000348,0.90,51,0.96,1327,
NCIH2141_LUNG,ACH-001138,0.90,88,0.95,1207,
TE441T_SOFT_TISSUE,ACH-000772,0.90,26,0.96,1286,
OVCAR4_OVARY,ACH-000617,0.90,57,0.97,1296,
MPP89_PLEURA,ACH-000319,0.90,30,0.95,1248,
SF295_CENTRAL_NERVOUS_SYSTEM,ACH-000376,0.90,29,0.95,1228,
KMS11_HAEMATOPOIETIC_AND_LYMPHOID_TISSUE,ACH-000714,0.90,94,0.97,1369,
CAS1_CENTRAL_NERVOUS_SYSTEM,ACH-000464,0.90,34,0.95,1168,
OSRC2_KIDNEY,ACH-000159,0.90,33,0.96,1134,
OCUM1_STOMACH,ACH-000247,0.90,46,0.97,1204,
U87MG_CENTRAL_NERVOUS_SYSTEM,ACH-000075,0.90,35,0.96,1433,
A3KAW_HAEMATOPOIETIC_AND_LYMPHOID_TISSUE,ACH-000697,0.90,95,0.96,1257,
NCIH1694_LUNG,ACH-000431,0.90,60,0.96,1076,
KYSE180_OESOPHAGUS,ACH-000693,0.90,85,0.97,1193,
CAL27_UPPER_AERODIGESTIVE_TRACT,ACH-000832,0.90,60,0.96,1230,
KNS42_CENTRAL_NERVOUS_SYSTEM,ACH-000622,0.90,48,0.96,1318,
MONOMAC6_HAEMATOPOIETIC_AND_LYMPHOID_TISSUE,ACH-000006,0.90,29,0.96,1321,
SW900_LUNG,ACH-000669,0.90,70,0.96,1182,
SKMEL5_SKIN,ACH-000730,0.91,96,0.95,1532,
MFE280_ENDOMETRIUM,ACH-000192,0.91,25,0.96,1128,
SU8686_PANCREAS,ACH-000114,0.91,20,0.93,1100,
MHHES1_BONE,ACH-000391,0.91,50,0.96,1369,
SW620_LARGE_INTESTINE,ACH-000651,0.91,87,0.97,1083,
DEL_HAEMATOPOIETIC_AND_LYMPHOID_TISSUE,ACH-000233,0.91,48,0.96,1506,
RH41_SOFT_TISSUE,ACH-000100,0.91,29,0.96,1253,
HCC1599_BREAST,ACH-000196,0.91,35,0.93,1066,
CL11_LARGE_INTESTINE,ACH-000249,0.91,36,0.96,1277,
OCIAML3_HAEMATOPOIETIC_AND_LYMPHOID_TISSUE,ACH-000336,0.91,22,0.95,1290,
NCIH1568_LUNG,ACH-000869,0.91,144,0.96,1300,
CORL279_LUNG,ACH-000257,0.91,40,0.96,1249,
NCIH1581_LUNG,ACH-000015,0.91,47,0.96,1129,
SNUC1_LARGE_INTESTINE,ACH-000722,0.91,77,0.97,1292,
LN18_CENTRAL_NERVOUS_SYSTEM,ACH-000819,0.91,98,0.97,1160,
DMS53_LUNG,ACH-000698,0.91,96,0.95,1143,
CL40_LARGE_INTESTINE,ACH-000798,0.91,49,0.95,1095,
TT_OESOPHAGUS,ACH-000561,0.91,67,0.96,1253,
OPM2_HAEMATOPOIETIC_AND_LYMPHOID_TISSUE,ACH-000024,0.91,55,0.97,1323,
SW1783_CENTRAL_NERVOUS_SYSTEM,ACH-000883,0.91,98,0.95,1323,
HSC2_UPPER_AERODIGESTIVE_TRACT,ACH-000472,0.91,62,0.97,1219,
GAMG_CENTRAL_NERVOUS_SYSTEM,ACH-000098,0.91,22,0.95,1240,
COLO741_SKIN,ACH-000582,0.91,58,0.95,1165,
DMS79_LUNG,ACH-000703,0.91,80,0.96,1184,
NIHOVCAR3_OVARY,ACH-000001,0.91,30,0.91,1249,
SF126_CENTRAL_NERVOUS_SYSTEM,ACH-000609,0.91,37,0.97,1258,
SKMEL2_SKIN,ACH-001190,0.91,135,0.95,1303,
VMRCLCD_LUNG,ACH-001233,0.91,121,0.95,1168,
AM38_CENTRAL_NERVOUS_SYSTEM,ACH-000269,0.91,69,0.94,1284,
COLO680N_OESOPHAGUS,ACH-000717,0.92,64,0.95,1130,
ST486_HAEMATOPOIETIC_AND_LYMPHOID_TISSUE,ACH-000567,0.92,44,0.96,1470,
L1236_HAEMATOPOIETIC_AND_LYMPHOID_TISSUE,ACH-000702,0.92,83,0.96,1221,
SUDHL5_HAEMATOPOIETIC_AND_LYMPHOID_TISSUE,ACH-000660,0.92,54,0.96,1380,
CALU6_LUNG,ACH-000264,0.92,51,0.93,1126,
OE33_OESOPHAGUS,ACH-000383,0.92,35,0.96,1219,
BT20_BREAST,ACH-000536,0.92,76,0.96,1242,
NCIH446_LUNG,ACH-000800,0.92,135,0.96,1442,
BICR22_UPPER_AERODIGESTIVE_TRACT,ACH-000794,0.92,38,0.96,1315,
LN229_CENTRAL_NERVOUS_SYSTEM,ACH-000595,0.92,67,0.98,1231,
647V_URINARY_TRACT,ACH-000896,0.92,80,0.97,1229,
IGR1_SKIN,ACH-000882,0.92,199,0.97,1388,
SW1990_PANCREAS,ACH-000155,0.92,29,0.96,1008,
DANG_PANCREAS,ACH-000243,0.92,40,0.96,1140,
CORL23_LUNG,ACH-000662,0.92,83,0.94,1305,
MOGGUVW_CENTRAL_NERVOUS_SYSTEM,ACH-001126,0.92,32,0.96,1025,
KALS1_CENTRAL_NERVOUS_SYSTEM,ACH-000231,0.92,53,0.94,1295,
SW1417_LARGE_INTESTINE,ACH-000236,0.92,35,0.94,1369,
KYSE150_OESOPHAGUS,ACH-000855,0.92,118,0.97,1281,
OVKATE_OVARY,ACH-000443,0.92,40,0.96,1358,
NCIH1666_LUNG,ACH-000448,0.92,49,0.96,1478,
SW1573_LUNG,ACH-000677,0.92,45,0.96,1260,
OV7_OVARY,ACH-000688,0.92,32,0.96,1422,
KYSE410_OESOPHAGUS,ACH-000809,0.92,111,0.97,1152,
SKMEL1_SKIN,ACH-000465,0.92,63,0.96,1361,
T84_LARGE_INTESTINE,ACH-000381,0.92,58,0.96,1204,
RPMI8402_HAEMATOPOIETIC_AND_LYMPHOID_TISSUE,ACH-000636,0.92,80,0.95,1333,
ISTMES1_PLEURA,ACH-000569,0.92,28,0.97,1326,
EM2_HAEMATOPOIETIC_AND_LYMPHOID_TISSUE,ACH-000295,0.92,40,0.97,1326,
KPNRTBM1_AUTONOMIC_GANGLIA,ACH-000345,0.92,52,0.94,1569,
U2OS_BONE,ACH-000364,0.92,47,0.95,1491,
SKLMS1_SOFT_TISSUE,ACH-000145,0.92,25,0.92,1342,
JJN3_HAEMATOPOIETIC_AND_LYMPHOID_TISSUE,ACH-000653,0.92,36,0.96,1235,
NCIH441_LUNG,ACH-000638,0.92,83,0.97,1359,
KELLY_AUTONOMIC_GANGLIA,ACH-000259,0.92,28,0.96,1227,
UACC62_SKIN,ACH-000425,0.92,58,0.95,1457,
SKMEL24_SKIN,ACH-000822,0.92,63,0.95,1392,
HCC56_LARGE_INTESTINE,ACH-000467,0.92,70,0.96,1257,
COLO829_SKIN,ACH-000644,0.92,64,0.94,1445,
CORL88_LUNG,ACH-000508,0.92,74,0.96,1213,
LP1_HAEMATOPOIETIC_AND_LYMPHOID_TISSUE,ACH-000204,0.92,36,0.96,1359,
COLO668_LUNG,ACH-000803,0.92,72,0.96,1077,
NCIH69_LUNG,ACH-000358,0.92,45,0.96,1212,
NCIH2085_LUNG,ACH-000451,0.92,37,0.97,1285,
T47D_BREAST,ACH-000147,0.92,17,0.96,1186,
SCC9_UPPER_AERODIGESTIVE_TRACT,ACH-000181,0.92,33,0.96,1347,
NCIH2029_LUNG,ACH-000298,0.93,50,0.95,1330,
NCIH647_LUNG,ACH-000378,0.93,42,0.97,1203,
769P_KIDNEY,ACH-000411,0.93,27,0.95,1299,
8505C_THYROID,ACH-001307,0.93,39,0.97,1188,
CAL78_BONE,ACH-000516,0.93,39,0.96,1304,
SCC4_UPPER_AERODIGESTIVE_TRACT,ACH-000238,0.93,40,0.95,1302,
CHL1_SKIN,ACH-001024,0.93,145,0.96,1236,
HCC15_LUNG,ACH-000878,0.93,105,0.96,1066,
JHH7_LIVER,ACH-000848,0.93,111,0.97,1338,
NCIH2227_LUNG,ACH-000610,0.93,72,0.97,1155,
CADOES1_BONE,ACH-000210,0.93,37,0.96,1353,
NCIH510_LUNG,ACH-000871,0.93,171,0.97,1326,
OVTOKO_OVARY,ACH-000663,0.93,52,0.95,1393,
SCC15_UPPER_AERODIGESTIVE_TRACT,ACH-000254,0.93,29,0.91,1317,
PANC0203_PANCREAS,ACH-000042,0.93,30,0.95,1394,
NCIH727_LUNG,ACH-000775,0.93,86,0.97,1191,
BXPC3_PANCREAS,ACH-000535,0.93,29,0.96,1279,
NCIH28_PLEURA,ACH-000648,0.93,38,0.96,1300,
SKMM2_HAEMATOPOIETIC_AND_LYMPHOID_TISSUE,ACH-000363,0.93,24,0.96,1411,
MDAMB453_BREAST,ACH-000910,0.93,130,0.96,1231,
KYSE270_OESOPHAGUS,ACH-000873,0.93,111,0.98,1155,
HT29_LARGE_INTESTINE,ACH-000552,0.93,80,0.96,1540,
KMRC1_KIDNEY,ACH-000684,0.93,59,0.96,1377,
NCIH2291_LUNG,ACH-000718,0.93,96,0.96,1275,
RH18_SOFT_TISSUE,ACH-000689,0.93,39,0.96,1261,
SW1088_CENTRAL_NERVOUS_SYSTEM,ACH-000437,0.93,45,0.95,1338,
SBC5_LUNG,ACH-000670,0.93,64,0.97,1463,
YH13_CENTRAL_NERVOUS_SYSTEM,ACH-000469,0.93,21,0.96,1300,
HEP3B217_LIVER,ACH-000625,0.93,28,0.97,1199,
PSN1_PANCREAS,ACH-000320,0.93,45,0.97,1290,
BHY_UPPER_AERODIGESTIVE_TRACT,ACH-000548,0.93,67,0.93,1233,
KYSE70_OESOPHAGUS,ACH-000784,0.93,77,0.96,1105,
NCIH1734_LUNG,ACH-000675,0.93,86,0.97,1221,
NCIH650_LUNG,ACH-000945,0.93,343,0.96,1201,
DMS273_LUNG,ACH-000749,0.93,56,0.97,1246,
A375_SKIN,ACH-000219,0.93,76,0.96,1270,
SCC25_UPPER_AERODIGESTIVE_TRACT,ACH-000188,0.93,16,0.95,1004,
NCIH508_LARGE_INTESTINE,ACH-000360,0.93,49,0.96,1287,
GB1_CENTRAL_NERVOUS_SYSTEM,ACH-000738,0.93,68,0.96,1420,
CALU3_LUNG,ACH-000392,0.93,34,0.95,1156,
TE5_OESOPHAGUS,ACH-000408,0.93,58,0.97,1216,
DBTRG05MG_CENTRAL_NERVOUS_SYSTEM,ACH-000863,0.93,50,0.97,1417,
MDST8_LARGE_INTESTINE,ACH-000935,0.93,126,0.96,1375,
JHH2_LIVER,ACH-000577,0.93,64,0.97,1226,
MSTO211H_PLEURA,ACH-000335,0.93,18,0.96,1286,
NCIH660_PROSTATE,ACH-000177,0.93,35,0.96,1167,
NCIH1838_LUNG,ACH-000733,0.93,98,0.97,1065,
RCM1_LARGE_INTESTINE,ACH-000565,0.93,65,0.97,1232,
HCC1500_BREAST,ACH-000349,0.93,34,0.97,1084,
NCIH1299_LUNG,ACH-000510,0.93,51,0.96,1188,
JURLMK1_HAEMATOPOIETIC_AND_LYMPHOID_TISSUE,ACH-000326,0.93,31,0.96,1348,
NCIH747_LARGE_INTESTINE,ACH-000403,0.93,22,0.96,1158,
SH4_SKIN,ACH-000441,0.93,50,0.96,1312,
KMH2_HAEMATOPOIETIC_AND_LYMPHOID_TISSUE,ACH-000815,0.93,108,0.97,1342,
SJRH30_SOFT_TISSUE,ACH-001189,0.93,29,0.96,1387,
SNU449_LIVER,ACH-000420,0.93,45,0.96,1260,
HCC1428_BREAST,ACH-000352,0.93,37,0.96,1091,
EPLC272H_LUNG,ACH-000585,0.93,71,0.95,1226,
ABC1_LUNG,ACH-000528,0.93,73,0.96,1310,
NCIH3255_LUNG,ACH-000109,0.93,38,0.96,1296,
DU145_PROSTATE,ACH-000979,0.93,437,0.93,1412,
HCC202_BREAST,ACH-000725,0.93,70,0.97,1175,
LCLC97TM1_LUNG,ACH-000596,0.93,53,0.97,1227,
PC14_LUNG,ACH-000030,0.93,42,0.97,1073,
SKCO1_LARGE_INTESTINE,ACH-000400,0.93,54,0.96,1595,
SHP77_LUNG,ACH-000790,0.94,101,0.96,1164,
G361_SKIN,ACH-000572,0.94,62,0.96,1493,
ML1_THYROID,ACH-000058,0.94,29,0.95,1283,
EJM_HAEMATOPOIETIC_AND_LYMPHOID_TISSUE,ACH-000821,0.94,70,0.96,1297,
EFM192A_BREAST,ACH-000117,0.94,28,0.96,1281,
PECAPJ15_UPPER_AERODIGESTIVE_TRACT,ACH-000619,0.94,40,0.96,1155,
MDAMB175VII_BREAST,ACH-000759,0.94,35,0.96,1322,
JVM2_HAEMATOPOIETIC_AND_LYMPHOID_TISSUE,ACH-000106,0.94,30,0.96,1318,
AU565_BREAST,ACH-000248,0.94,82,0.95,1160,
HCC366_LUNG,ACH-000840,0.94,92,0.96,1268,
HUH7_LIVER,ACH-000480,0.94,63,0.97,1213,
YKG1_CENTRAL_NERVOUS_SYSTEM,ACH-000570,0.94,46,0.96,1190,
OE19_OESOPHAGUS,ACH-000679,0.94,46,0.96,1210,
NCIH1793_LUNG,ACH-000888,0.94,184,0.96,1348,
NCIN87_STOMACH,ACH-000427,0.94,41,0.94,1362,
BT549_BREAST,ACH-000288,0.94,38,0.96,1201,
NCIH1703_LUNG,ACH-000747,0.94,86,0.97,1185,
KYSE140_OESOPHAGUS,ACH-000823,0.94,107,0.97,1161,
AMO1_HAEMATOPOIETIC_AND_LYMPHOID_TISSUE,ACH-000838,0.94,75,0.96,1362,
EFO21_OVARY,ACH-000308,0.94,41,0.96,1181,
BV173_HAEMATOPOIETIC_AND_LYMPHOID_TISSUE,ACH-000432,0.94,52,0.96,1373,
TE6_OESOPHAGUS,ACH-000605,0.94,67,0.95,1260,
NCIH1048_LUNG,ACH-000866,0.94,97,0.95,1309,
PANC1005_PANCREAS,ACH-000060,0.94,37,0.96,1511,
NCIH1915_LUNG,ACH-000434,0.94,49,0.96,1237,
TC71_BONE,ACH-000424,0.94,38,0.96,1408,
SNU5_STOMACH,ACH-000303,0.94,47,0.95,1312,
NCIH2009_LUNG,ACH-000886,0.94,125,0.97,1062,
COLO783_SKIN,ACH-000812,0.94,103,0.96,1203,
NCIH211_LUNG,ACH-000639,0.94,71,0.97,1227,
HARA_LUNG,ACH-000843,0.94,114,0.96,1204,
L363_HAEMATOPOIETIC_AND_LYMPHOID_TISSUE,ACH-000183,0.94,45,0.96,1365,
RT4_URINARY_TRACT,ACH-000242,0.94,30,0.96,1391,
KMS12BM_HAEMATOPOIETIC_AND_LYMPHOID_TISSUE,ACH-000380,0.94,44,0.96,1232,
RPMI6666_HAEMATOPOIETIC_AND_LYMPHOID_TISSUE,ACH-001182,0.94,20,0.95,1399,
JHOS4_OVARY,ACH-000584,0.94,41,0.97,1121,
LK2_LUNG,ACH-000769,0.94,66,0.97,1148,
HCC2218_BREAST,ACH-000755,0.94,88,0.96,1371,
NCIH1395_LUNG,ACH-000327,0.94,54,0.96,1280,
HL60_HAEMATOPOIETIC_AND_LYMPHOID_TISSUE,ACH-000002,0.94,16,0.96,1527,
ZR7530_BREAST,ACH-000828,0.94,64,0.97,1186,
CAOV3_OVARY,ACH-000713,0.94,37,0.97,1183,
SNU61_LARGE_INTESTINE,ACH-000532,0.94,45,0.97,1341,
C3A_LIVER,ACH-001021,0.94,44,0.95,1291,
SW1116_LARGE_INTESTINE,ACH-000489,0.94,61,0.96,1057,
GCIY_STOMACH,ACH-000047,0.94,34,0.97,1263,
MDAMB468_BREAST,ACH-000849,0.94,56,0.97,1076,
MG63_BONE,ACH-000359,0.94,31,0.95,1387,
JHH4_LIVER,ACH-000476,0.94,57,0.96,1416,
SW1710_URINARY_TRACT,ACH-000566,0.94,34,0.95,1336,
HS683_CENTRAL_NERVOUS_SYSTEM,ACH-000067,0.94,17,0.96,1236,
NCIH1573_LUNG,ACH-000916,0.94,210,0.96,1133,
HDMYZ_HAEMATOPOIETIC_AND_LYMPHOID_TISSUE,ACH-000190,0.94,41,0.96,1205,
SKES1_BONE,ACH-000087,0.95,23,0.96,1214,
KURAMOCHI_OVARY,ACH-000524,0.95,63,0.96,1147,
OCIM1_HAEMATOPOIETIC_AND_LYMPHOID_TISSUE,ACH-000751,0.95,54,0.96,1419,
KLE_ENDOMETRIUM,ACH-000293,0.95,24,0.97,1263,
BT474_BREAST,ACH-000927,0.95,169,0.97,1404,
MOGGCCM_CENTRAL_NERVOUS_SYSTEM,ACH-001125,0.95,28,0.96,1131,
GI1_CENTRAL_NERVOUS_SYSTEM,ACH-000756,0.95,63,0.97,1188,
ACHN_KIDNEY,ACH-000046,0.95,16,0.96,1161,
LOXIMVI_SKIN,ACH-000750,0.95,83,0.96,1294,
DETROIT562_UPPER_AERODIGESTIVE_TRACT,ACH-000207,0.95,34,0.96,1306,
KU1919_URINARY_TRACT,ACH-000486,0.95,43,0.96,1403,
JVM3_HAEMATOPOIETIC_AND_LYMPHOID_TISSUE,ACH-000346,0.95,52,0.95,1399,
HSC3_UPPER_AERODIGESTIVE_TRACT,ACH-000778,0.95,54,0.96,1328,
CAKI1_KIDNEY,ACH-000433,0.95,23,0.95,1314,
SKM1_HAEMATOPOIETIC_AND_LYMPHOID_TISSUE,ACH-000373,0.95,38,0.96,1421,
SKMEL31_SKIN,ACH-000640,0.95,57,0.96,1342,
OVCAR8_OVARY,ACH-000696,0.95,59,0.97,1205,
KARPAS620_HAEMATOPOIETIC_AND_LYMPHOID_TISSUE,ACH-000193,0.95,24,0.97,1233,
CORL311_LUNG,ACH-000187,0.95,29,0.97,1279,
VCAP_PROSTATE,ACH-000115,0.95,24,0.97,1310,
A549_LUNG,ACH-000681,0.95,42,0.96,1315,
KATOIII_STOMACH,ACH-000793,0.95,78,0.96,1459,
RCC10RGB_KIDNEY,ACH-000189,0.95,36,0.96,1227,
LXF289_LUNG,ACH-000787,0.95,74,0.97,1174,
A101D_SKIN,ACH-000008,0.95,29,0.96,1164,
LAMA84_HAEMATOPOIETIC_AND_LYMPHOID_TISSUE,ACH-000301,0.95,37,0.96,1406,
SKMEL30_SKIN,ACH-000810,0.95,64,0.94,1244,
NCIH2196_LUNG,ACH-000399,0.95,34,0.97,1310,
HEL_HAEMATOPOIETIC_AND_LYMPHOID_TISSUE,ACH-000004,0.95,38,0.95,1336,
CAL29_URINARY_TRACT,ACH-000142,0.95,31,0.96,1294,
DAOY_CENTRAL_NERVOUS_SYSTEM,ACH-000211,0.95,34,0.96,1320,
TYKNU_OVARY,ACH-000430,0.95,65,0.96,1317,
HSC4_UPPER_AERODIGESTIVE_TRACT,ACH-000546,0.95,59,0.97,1296,
RVH421_SKIN,ACH-000614,0.95,58,0.97,1362,
IALM_LUNG,ACH-000672,0.95,70,0.97,1096,
HT1080_SOFT_TISSUE,ACH-000054,0.95,23,0.95,1505,
U118MG_CENTRAL_NERVOUS_SYSTEM,ACH-000040,0.95,24,0.97,1345,
BICR31_UPPER_AERODIGESTIVE_TRACT,ACH-000228,0.95,23,0.96,1168,
NCIH1648_LUNG,ACH-000766,0.95,90,0.96,1205,
QGP1_PANCREAS,ACH-000347,0.95,42,0.97,1215,
NCIH2081_LUNG,ACH-000394,0.95,74,0.97,1212,
HCC2157_BREAST,ACH-000691,0.95,57,0.97,1207,
T24_URINARY_TRACT,ACH-000018,0.95,28,0.97,1301,
NCIH810_LUNG,ACH-000789,0.95,128,0.96,1203,
NCIH520_LUNG,ACH-000395,0.95,64,0.96,1156,
NCIH1355_LUNG,ACH-000666,0.95,65,0.95,1329,
NCIH1876_LUNG,ACH-000586,0.95,74,0.96,1271,
NCIH1651_LUNG,ACH-000893,0.95,129,0.97,1239,
BFTC905_URINARY_TRACT,ACH-000802,0.95,46,0.97,1190,
KP2_PANCREAS,ACH-000281,0.95,41,0.96,1222,
NUGC3_STOMACH,ACH-000911,0.95,185,0.97,1277,
NCIH1435_LUNG,ACH-000852,0.95,126,0.96,1193,
BHT101_THYROID,ACH-000191,0.95,35,0.96,1417,
T98G_CENTRAL_NERVOUS_SYSTEM,ACH-000571,0.95,40,0.95,1376,
CAPAN1_PANCREAS,ACH-000354,0.95,40,0.94,1206,
J82_URINARY_TRACT,ACH-000396,0.95,60,0.95,1455,
SUIT2_PANCREAS,ACH-000652,0.95,61,0.96,1245,
UMUC3_URINARY_TRACT,ACH-000522,0.95,52,0.97,1193,
JIMT1_BREAST,ACH-000711,0.95,30,0.97,1189,
KYSE510_OESOPHAGUS,ACH-000824,0.95,99,0.97,1153,
OV90_OVARY,ACH-000291,0.95,30,0.95,1403,
HCC1143_BREAST,ACH-000374,0.95,52,0.96,1282,
PATU8902_PANCREAS,ACH-000599,0.95,57,0.97,1134,
SAOS2_BONE,ACH-000410,0.95,44,0.97,1173,
KYSE520_OESOPHAGUS,ACH-000637,0.95,67,0.97,1153,
HS746T_STOMACH,ACH-000616,0.95,63,0.96,1189,
PANC0327_PANCREAS,ACH-000139,0.95,32,0.96,1537,
NCIH2172_LUNG,ACH-000924,0.95,230,0.97,1160,
A673_BONE,ACH-000052,0.95,18,0.96,1360,
EB2_HAEMATOPOIETIC_AND_LYMPHOID_TISSUE,ACH-001064,0.95,107,0.95,1329,
KP4_PANCREAS,ACH-000265,0.95,40,0.97,1200,
KP1N_PANCREAS,ACH-001107,0.95,39,0.96,1086,
NCIH2452_PLEURA,ACH-000092,0.96,18,0.96,1321,
HT144_SKIN,ACH-000322,0.96,40,0.96,1445,
RPMI8226_HAEMATOPOIETIC_AND_LYMPHOID_TISSUE,ACH-000817,0.96,65,0.96,1162,
CCFSTTG1_CENTRAL_NERVOUS_SYSTEM,ACH-000329,0.96,23,0.94,1255,
ASPC1_PANCREAS,ACH-000222,0.96,37,0.97,1346,
NCIH2122_LUNG,ACH-000311,0.96,49,0.96,1487,
CORL95_LUNG,ACH-000743,0.96,70,0.96,1230,
BECKER_CENTRAL_NERVOUS_SYSTEM,ACH-001016,0.96,29,0.96,1309,
HCC70_BREAST,ACH-000668,0.96,39,0.96,1163,
YAPC_PANCREAS,ACH-000332,0.96,28,0.96,1216,
MKN45_STOMACH,ACH-000356,0.96,37,0.97,1127,
SNU283_LARGE_INTESTINE,ACH-000708,0.96,44,0.96,1254,
HDLM2_HAEMATOPOIETIC_AND_LYMPHOID_TISSUE,ACH-000267,0.96,62,0.97,1250,
KE37_HAEMATOPOIETIC_AND_LYMPHOID_TISSUE,ACH-000101,0.96,37,0.95,1252,
SUDHL10_HAEMATOPOIETIC_AND_LYMPHOID_TISSUE,ACH-000271,0.96,30,0.94,1248,
CAL12T_LUNG,ACH-000826,0.96,97,0.97,1255,
NCIH1693_LUNG,ACH-000021,0.96,42,0.97,1154,
NCIH2052_PLEURA,ACH-000153,0.96,43,0.96,1298,
C2BBE1_LARGE_INTESTINE,ACH-000009,0.96,60,0.97,1295,
TE8_OESOPHAGUS,ACH-000452,0.96,55,0.96,1197,
CGTHW1_THYROID,ACH-001023,0.96,48,0.96,1326,
MKN7_STOMACH,ACH-000678,0.96,61,0.97,1099,
HCC1395_BREAST,ACH-000699,0.96,69,0.97,1244,
NCIH196_LUNG,ACH-000752,0.96,71,0.97,1314,
NCIH2023_LUNG,ACH-000781,0.96,101,0.97,1422,
KS1_CENTRAL_NERVOUS_SYSTEM,ACH-000631,0.96,77,0.96,1560,
NCIH2030_LUNG,ACH-000521,0.96,51,0.96,1178,
NCIH1105_LUNG,ACH-000780,0.96,120,0.97,1194,
SW1271_LUNG,ACH-000890,0.96,164,0.96,1129,
HGC27_STOMACH,ACH-000847,0.96,76,0.96,1066,
SNU423_LIVER,ACH-000493,0.96,36,0.96,1307,
A172_CENTRAL_NERVOUS_SYSTEM,ACH-000558,0.96,51,0.96,1595,
FTC133_THYROID,ACH-000903,0.96,126,0.97,1064,
EHEB_HAEMATOPOIETIC_AND_LYMPHOID_TISSUE,ACH-000038,0.96,26,0.96,1341,
SNU182_LIVER,ACH-000483,0.96,46,0.97,1371,
JHH1_LIVER,ACH-000620,0.96,60,0.97,1293,
NCIH23_LUNG,ACH-000900,0.96,178,0.96,1159,
CAOV4_OVARY,ACH-000103,0.96,22,0.96,1282,
JHH6_LIVER,ACH-000217,0.96,30,0.96,1235,
IPC298_SKIN,ACH-000915,0.96,192,0.96,1370,
SNU387_LIVER,ACH-000478,0.96,32,0.97,1062,
HDQP1_BREAST,ACH-000643,0.96,45,0.97,1207,
NCIH146_LUNG,ACH-000506,0.96,59,0.97,1262,
MKN1_STOMACH,ACH-000351,0.96,53,0.95,1236,
HCC1937_BREAST,ACH-000223,0.96,56,0.96,1227,
LU65_LUNG,ACH-000438,0.96,50,0.97,1300,
CHAGOK1_LUNG,ACH-000867,0.96,91,0.97,1142,
NCIH1792_LUNG,ACH-000496,0.96,46,0.96,1250,
KYSE450_OESOPHAGUS,ACH-000865,0.96,98,0.97,1147,
NCIH2342_LUNG,ACH-000951,0.96,314,0.98,1136,
NCIH2126_LUNG,ACH-000785,0.96,109,0.97,1141,
NCIH661_LUNG,ACH-000853,0.96,127,0.96,1255,
KNS62_LUNG,ACH-000858,0.96,69,0.97,1241,
SJSA1_BONE,ACH-000748,0.96,61,0.95,1329,
CAL54_KIDNEY,ACH-000457,0.97,44,0.96,1218,
HOS_BONE,ACH-000613,0.97,40,0.97,1216,
GCT_SOFT_TISSUE,ACH-000835,0.97,124,0.96,1404,
ECC10_STOMACH,ACH-000560,0.97,69,0.96,1310,
HUH1_LIVER,ACH-000475,0.97,51,0.96,1350,
MELHO_SKIN,ACH-000450,0.97,66,0.96,1340,
A204_SOFT_TISSUE,ACH-000201,0.97,26,0.94,1460,
NB4_HAEMATOPOIETIC_AND_LYMPHOID_TISSUE,ACH-000294,0.97,39,0.95,1315,
SKMES1_LUNG,ACH-000665,0.97,65,0.97,1171,
CFPAC1_PANCREAS,ACH-000138,0.97,39,0.96,1384,
HCC1187_BREAST,ACH-000111,0.97,24,0.97,1219,
MIAPACA2_PANCREAS,ACH-000601,0.97,58,0.97,1065,
L428_HAEMATOPOIETIC_AND_LYMPHOID_TISSUE,ACH-000754,0.97,88,0.97,1266,
TE4_OESOPHAGUS,ACH-000917,0.97,161,0.97,1250,
SNU475_LIVER,ACH-000422,0.97,64,0.97,1437,
RERFGC1B_STOMACH,ACH-000144,0.97,47,0.95,1314,
TT2609C02_THYROID,ACH-000716,0.97,28,0.95,1359,
SKMEL28_SKIN,ACH-000615,0.97,54,0.96,1272,
LCLC103H_LUNG,ACH-000627,0.97,49,0.97,1172,
HCC1954_BREAST,ACH-000859,0.97,64,0.96,1501,
FU97_STOMACH,ACH-000633,0.97,66,0.97,1159,
HCC1806_BREAST,ACH-000624,0.97,59,0.98,1021,
HT1376_URINARY_TRACT,ACH-000724,0.97,58,0.97,1405,
DMS114_LUNG,ACH-000530,0.97,36,0.96,1340,
NCIH1437_LUNG,ACH-000589,0.97,50,0.96,1073,
NCIH1623_LUNG,ACH-000744,0.97,92,0.97,1116,
CHP212_AUTONOMIC_GANGLIA,ACH-000120,0.97,24,0.96,1422,
5637_URINARY_TRACT,ACH-000905,0.97,86,0.96,1463,
KP3_PANCREAS,ACH-000108,0.97,33,0.97,1205,
NCIH1869_LUNG,ACH-000894,0.97,35,0.96,1138,
KU812_HAEMATOPOIETIC_AND_LYMPHOID_TISSUE,ACH-000074,0.97,23,0.98,1149,
LOUNH91_LUNG,ACH-000176,0.97,27,0.97,1034,
SKMEL3_SKIN,ACH-000423,0.97,39,0.96,1255,
CORL105_LUNG,ACH-000161,0.97,21,0.96,1265,
NCIH2171_LUNG,ACH-000525,0.97,41,0.97,1262,
GMS10_CENTRAL_NERVOUS_SYSTEM,ACH-000102,0.97,31,0.97,1378,
NCIH838_LUNG,ACH-000416,0.97,85,0.97,1221,
VMCUB1_URINARY_TRACT,ACH-000545,0.97,95,0.97,1322,
NCIH460_LUNG,ACH-000463,0.97,55,0.96,1083,
CAL851_BREAST,ACH-000857,0.98,30,0.97,1320,
G292CLONEA141B1_BONE,ACH-000082,0.98,17,0.96,1273,
ECGI10_OESOPHAGUS,ACH-000305,0.98,47,0.97,1279,
HPAC_PANCREAS,ACH-000270,0.98,43,0.97,1458,
FADU_UPPER_AERODIGESTIVE_TRACT,ACH-000846,0.98,60,0.97,1111,
SKLU1_LUNG,ACH-000309,0.98,79,0.97,1096,
NMCG1_CENTRAL_NERVOUS_SYSTEM,ACH-000200,0.98,36,0.97,1307,
NCIH1650_LUNG,ACH-000035,0.98,25,0.96,1147,
BEN_LUNG,ACH-000603,0.98,78,0.98,1129,
CAL120_BREAST,ACH-000212,0.98,22,0.96,1232,
8MGBA_CENTRAL_NERVOUS_SYSTEM,ACH-000137,0.98,23,0.97,1194,
CAL62_THYROID,ACH-000174,0.98,35,0.98,1125,
42MGBA_CENTRAL_NERVOUS_SYSTEM,ACH-000323,0.98,23,0.96,1227,
SKHEP1_LIVER,ACH-000361,0.98,19,0.97,1488,
NCIH522_LUNG,ACH-000343,0.98,43,0.97,1258,
A253_SALIVARY_GLAND,ACH-000740,0.98,59,0.97,1195,
FUOV1_OVARY,ACH-000574,0.98,46,0.97,1364,
HCC44_LUNG,ACH-000667,0.99,70,0.97,1306,
EFM19_BREAST,ACH-000330,0.99,40,0.97,1418,
MHHCALL2_HAEMATOPOIETIC_AND_LYMPHOID_TISSUE,ACH-000020,1.00,10,0.98,989,